station_name,model,MAE,RMSE,MAPE,R2
Columbus Circle / Union Station,ridge,2.9358634040385647,4.282065452346871,101.2469693554223,0.3170668380255015
Columbus Circle / Union Station,random_forest,2.724713052981324,3.9399191293808506,94.52188261858304,0.4218424326467123
Columbus Circle / Union Station,hist_gradient_boosting,2.6733626517171363,3.8912233245101793,88.88293208638396,0.43604570032057177
Columbus Circle / Union Station,xgboost,2.7090354168389705,3.9431931031825727,89.85399798750076,0.4208811645945336
New Hampshire Ave & T St NW,ridge,2.564116733372798,3.5109832057912094,110.50442836946995,0.1710484627733473
New Hampshire Ave & T St NW,random_forest,2.4462281471036937,3.4476216435567992,110.91443823087141,0.2006981208281371
New Hampshire Ave & T St NW,hist_gradient_boosting,2.4440469424689764,3.396178924942429,107.59318753985987,0.22437327928683004
New Hampshire Ave & T St NW,xgboost,3.5427211079923686,4.6735265784270625,192.93161206167002,-0.4687946122553548
15th & P St NW,ridge,2.155619781273896,2.948102765622559,97.71974125474824,0.10498668018409651
15th & P St NW,random_forest,2.03437566153566,2.8768174196563545,94.1755139030411,0.14774636574199773
15th & P St NW,hist_gradient_boosting,1.9731824071621684,2.8011661205697647,87.2243622818467,0.19198021989343728
15th & P St NW,xgboost,1.9783410423111367,2.7954826520819998,87.02822099093149,0.19525578149609557
5th & K St NW,ridge,2.2881162324308457,3.189715803566988,94.52292116000666,0.14715357038637245
5th & K St NW,random_forest,2.087358036173138,2.943157419875622,87.8108338917722,0.2739043434954843
5th & K St NW,hist_gradient_boosting,2.0535475829606327,2.9192982671062984,82.20644545865031,0.2856290355883703
5th & K St NW,xgboost,2.0952788044049213,2.9590750909598236,84.97892353126589,0.26602912348118746
14th & V St NW,ridge,2.5854954932624117,3.5827660545081184,108.05777724931642,0.15370449257615126
14th & V St NW,random_forest,2.368593769027265,3.394604411504133,97.99620148729893,0.24026265202164376
14th & V St NW,hist_gradient_boosting,2.372262251342398,3.395206171921772,96.33895433832718,0.23999327136313264
14th & V St NW,xgboost,2.3415567826702053,3.349740322381356,93.18838395670987,0.26021177233149173
1st & M St NE,ridge,1.688158910460273,2.3786443237244064,80.94068740262121,0.1181697546301822
1st & M St NE,random_forest,1.676213421747422,2.364405277018581,84.80160266527072,0.1286957834969169
1st & M St NE,hist_gradient_boosting,1.636392568025563,2.330150186555993,79.06999213816658,0.15375950573422215
1st & M St NE,xgboost,1.6436061827717032,2.339838130820969,78.96230575936853,0.14670813739125066
14th & R St NW,ridge,2.019751131733637,2.8317262821252736,93.26197415195071,0.1298730124153572
14th & R St NW,random_forest,1.888337220196539,2.72122315053158,89.54371611294835,0.19645831842360073
14th & R St NW,hist_gradient_boosting,1.8439387369303986,2.662165893804228,84.15044390680652,0.2309575269353472
14th & R St NW,xgboost,1.8617249072242243,2.677451221623053,84.75833299359405,0.2221009689721507
M St & Delaware Ave NE,ridge,1.8178138309469989,2.58645064503651,80.83483547708471,0.05707043269812628
M St & Delaware Ave NE,random_forest,1.7872746541352795,2.577841917373186,84.5937000542298,0.06333686957940832
M St & Delaware Ave NE,hist_gradient_boosting,1.7443311745976304,2.522411117593358,78.80880780739822,0.10318553039174894
M St & Delaware Ave NE,xgboost,1.7584861123800868,2.536896588286445,78.90236897531707,0.09285566722744032
Adams Mill & Columbia Rd NW,ridge,1.8759676974158501,2.658576841388512,83.73712344482453,0.0652067610426812
Adams Mill & Columbia Rd NW,random_forest,1.7844394889555029,2.5716135104673397,84.5689711625396,0.12536163057252203
Adams Mill & Columbia Rd NW,hist_gradient_boosting,1.7540107721376546,2.544913691765562,80.87725030992965,0.1434292414168572
Adams Mill & Columbia Rd NW,xgboost,1.7683513749439654,2.555328572635725,80.9574290251801,0.1364039840271083
Lincoln Memorial,ridge,1.8306119552917435,2.9904730081710293,72.46349303110946,0.057676251782536436
Lincoln Memorial,random_forest,1.8184465945845674,2.983657118378417,78.01985469908813,0.061966847551911175
Lincoln Memorial,hist_gradient_boosting,1.712276602797832,2.8978240482799342,67.68262872641716,0.1151607337683277
Lincoln Memorial,xgboost,1.7450085328659197,2.922280534505384,68.8279553430615,0.10016232411653259
8th & O St NW,ridge,1.7386463972625517,2.450856858958256,85.96834947150631,0.14081642288313323
8th & O St NW,random_forest,1.6811880465905367,2.42822011104805,84.55137973052693,0.1566144107680486
8th & O St NW,hist_gradient_boosting,1.6510728431032733,2.398836274773186,81.01118534491309,0.17690249036186612
8th & O St NW,xgboost,1.6519049539806003,2.3751420685425444,81.22911724488135,0.19308227293997726
14th & Irving St NW,ridge,1.92109755639967,2.7487297200173932,83.06753843543795,0.03314186099183136
14th & Irving St NW,random_forest,1.8599659152191939,2.689043494551794,86.61751212182621,0.0746749169662485
14th & Irving St NW,hist_gradient_boosting,1.7972711158961432,2.627475859995554,79.54687719913781,0.11656184866281905
14th & Irving St NW,xgboost,1.8051301275668814,2.62522256780387,80.59663205807128,0.11807645113133391
15th & W St NW,ridge,1.8950636736244373,2.592114640223445,97.92639435111637,0.16920528811290025
15th & W St NW,random_forest,1.6844172756938867,2.3998642756624244,86.84238874396375,0.2878709942825921
15th & W St NW,hist_gradient_boosting,1.6501623127788398,2.359290602963556,81.50273812221549,0.3117468790136185
15th & W St NW,xgboost,1.6834138356323742,2.385804839647558,83.89552212389987,0.2961904685173973
17th & Corcoran St NW,ridge,1.902405097890718,2.6369465451484664,93.48572713359357,0.12372168304630371
17th & Corcoran St NW,random_forest,1.755036299578687,2.5554371253175114,84.19859153994499,0.17705689074008524
17th & Corcoran St NW,hist_gradient_boosting,1.7039931012983494,2.5045985834234172,78.28440811368806,0.20947488051606677
17th & Corcoran St NW,xgboost,1.7696981453338159,2.542815596110534,84.89089182664672,0.1851659924863044
Jefferson Dr & 14th St SW,ridge,1.7080457813590926,2.8290184631263577,68.96310025418879,0.04936780900748339
Jefferson Dr & 14th St SW,random_forest,1.7025207019242132,2.7611144975846544,79.88091582324962,0.09445552420096492
Jefferson Dr & 14th St SW,hist_gradient_boosting,1.6213985231765349,2.691039058239224,71.13230558636283,0.13983660774967865
Jefferson Dr & 14th St SW,xgboost,1.638026723328789,2.704731655141977,70.83919529674701,0.13106093817420217
4th & Florida Ave NE,ridge,1.7554945662045207,2.519790874545352,78.35461643091715,0.04124592921602421
4th & Florida Ave NE,random_forest,1.7479353633028079,2.5183526220536057,80.39820879278626,0.04234009691901508
4th & Florida Ave NE,hist_gradient_boosting,1.7233916952730943,2.495738011626378,76.95330993528813,0.059462294882996924
4th & Florida Ave NE,xgboost,1.730216756177456,2.4947572652925567,77.71287007967678,0.06020135295646656
11th & M St NW,ridge,1.820930822301524,2.5079193429839446,91.03854809035367,0.25270176427609015
11th & M St NW,random_forest,1.6990865895730702,2.403542888422582,87.40793866934133,0.31361058292493116
11th & M St NW,hist_gradient_boosting,1.6540658507572068,2.3598974681029046,81.70650509853218,0.3383122485624719
11th & M St NW,xgboost,1.6848426819263398,2.372687800408484,84.20391592703574,0.3311202912273937
4th St & Madison Dr NW,ridge,2.069658377472458,3.2477731079498566,90.60761515095042,0.15364121980067436
4th St & Madison Dr NW,random_forest,1.864297445709725,3.1096327063618485,83.83327101556611,0.22410789649023788
4th St & Madison Dr NW,hist_gradient_boosting,1.7841543168106988,3.034103453208971,73.99576298153538,0.2613411415008813
4th St & Madison Dr NW,xgboost,1.8169060069870706,3.0479149750935313,77.03110808859294,0.25460094731725713
6th & H St NE,ridge,1.6561693203655599,2.3758562755493906,82.18487239012177,0.19084365172008666
6th & H St NE,random_forest,1.4796068632883164,2.164081860148455,74.60876819585512,0.32866469788476504
6th & H St NE,hist_gradient_boosting,1.4436393610927782,2.136852680439675,70.06587106392469,0.3454523324429962
6th & H St NE,xgboost,1.4793887573192752,2.1765430395546757,71.90583388873742,0.32091109557504516
37th & O St NW / Georgetown University,ridge,1.9166316479252463,2.805661623660446,88.75036724497286,0.19559713120021927
37th & O St NW / Georgetown University,random_forest,1.7173215537788575,2.5723556797155185,81.83291540908654,0.3238157297836244
37th & O St NW / Georgetown University,hist_gradient_boosting,1.68513731574878,2.5538261674454583,76.40644322090061,0.3335221932336785
37th & O St NW / Georgetown University,xgboost,1.7287415490580038,2.6016056574232302,78.78730205745254,0.30835066492844654
